n_cities,solver,n_instances,n_optimality_gaps,mean_tour_length,median_tour_length,mean_runtime_seconds,median_runtime_seconds,runtime_stddev_seconds,mean_optimality_gap,median_optimality_gap,optimality_gap_stddev
5,held-karp,20,20,2.2741285853186306,2.251393404816229,0.00013300644986884435,9.725850031827576e-05,7.742740974574261e-05,0.0,0.0,0.0
5,nearest-neighbor,20,20,2.3589505633180883,2.407013622138743,6.09052002801036e-05,4.770400028064614e-05,2.2561752508472896e-05,0.04036905902778674,0.03559026251281992,0.039039646906088334
5,nearest-neighbor-2opt,20,20,2.274877783310367,2.251393404816229,0.00013078625006528454,0.00012116000016249018,4.643952431758445e-05,0.00035035816190076227,0.0,0.0010680808638080716
8,held-karp,20,20,2.7284119212767086,2.697741875130844,0.0009701679997306201,0.0008875759995135013,0.00021651876492282976,0.0,0.0,0.0
8,nearest-neighbor,20,20,3.0003820236126995,3.0475220224356585,7.054104980852571e-05,6.140549976407783e-05,2.059022868128421e-05,0.10358142344715889,0.10314966917327996,0.059557445919173696
8,nearest-neighbor-2opt,20,20,2.73906119604434,2.697741875130844,0.0001658492001297418,0.00014446200111706275,4.693561999158505e-05,0.004597095232986596,0.0,0.013832490868388569
10,held-karp,20,20,2.9656246059176397,3.0452812912589216,0.00834289920003357,0.00589585400030046,0.010631838904755274,0.0,0.0,0.0
10,nearest-neighbor,20,20,3.334830819510421,3.3530467129652424,8.73324999702163e-05,7.270600053743692e-05,2.8127665611878596e-05,0.12525609721378259,0.09290925305907191,0.09961496312126868
10,nearest-neighbor-2opt,20,20,2.977282601947703,3.0452812912589216,0.00020099205012229503,0.0001830649998737499,7.030335664008299e-05,0.0037623746552265585,0.0,0.012473657586873672
12,held-karp,20,20,3.1751053336569086,3.187168802264555,0.03280480350003927,0.032656795500770386,0.0015674051489475386,0.0,0.0,0.0
12,nearest-neighbor,20,20,3.571658398626925,3.6071669537884414,0.00010124860009455005,8.575749961892143e-05,2.8480254394508187e-05,0.127062720977646,0.09659623028067266,0.11192172716806699
12,nearest-neighbor-2opt,20,20,3.1971160913032177,3.2186488287867228,0.00029542034990299727,0.000281523999547062,0.00012078282163880537,0.006730566988395028,0.0,0.014431206983997337
20,nearest-neighbor,20,0,4.586699914711374,4.579909316154954,0.00018204570023954146,0.00016661449990351684,5.661333055012293e-05,,,
20,nearest-neighbor-2opt,20,0,3.99362903302019,4.045908954770843,0.000869704499746149,0.0008873260003383621,0.0002931860676657025,,,
50,nearest-neighbor,20,0,6.96185796256065,7.067502940088608,0.0006116974497672345,0.00046583999937865883,0.0002532964723987344,,,
50,nearest-neighbor-2opt,20,0,5.996718189317173,5.969443697859552,0.009723597500033066,0.008358564999980445,0.004758881778068333,,,
100,nearest-neighbor,20,0,9.61029843478305,9.528503627996468,0.0018732052997620485,0.0017491489998064935,0.00033163061970104565,,,
100,nearest-neighbor-2opt,20,0,8.242394234077349,8.292316024357818,0.05831874319965209,0.05710688949966425,0.018229268642981886,,,
